Gmax X,Gmax Y
0.4,0.096
0.5,0.128
0.6,0.16
0.7,0.1920000000000001
0.8,0.2400000000000001
